chunk_index,entry_threshold,exit_threshold,total_return_pct,avg_return_pct,num_trades,timestamp
1,4.0,-3.7999999970197678,0.0,0.0,0,2021-01-05 00:02:26
2,4.0,-3.5999999940395355,0.0,0.0,0,2021-01-05 00:05:26
3,4.0,-3.663434609770775,-0.02,-0.02,1,2021-01-05 00:07:54
4,3.7999999970197678,-3.863434612751007,0.0,0.0,0,2021-01-05 00:10:54
5,3.5999999940395355,-4.0,0.0,0.0,0,2021-01-05 00:12:40
6,3.3999999910593033,-3.7999999970197678,0.0,0.0,0,2021-01-05 00:15:38
7,3.5999999940395355,-3.5999999940395355,0.0,0.0,0,2021-01-05 00:18:17
8,3.3999999910593033,-3.7999999970197678,0.0,0.0,0,2021-01-05 00:22:53
9,3.199999988079071,-3.5999999940395355,0.0,0.0,0,2021-01-05 00:26:56
10,2.999999985098839,-3.639086365699768,0.0,0.0,0,2021-01-05 00:32:16
11,2.807164177298546,-3.439086362719536,0.0,0.0,0,2021-01-05 00:34:02
12,2.6071641743183136,-3.2390863597393036,0.0,0.0,0,2021-01-05 00:36:11
13,2.4071641713380814,-3.439086362719536,0.0,0.0,0,2021-01-05 00:38:16
14,2.207164168357849,-3.249481350183487,0.0,0.0,0,2021-01-05 00:40:19
15,2.4071641713380814,-3.0494813472032547,0.0,0.0,0,2021-01-05 00:44:01
16,2.207164168357849,-3.222624897956848,0.0,0.0,0,2021-01-05 00:46:40
17,2.007164165377617,-3.022624894976616,0.0,0.0,0,2021-01-05 00:50:49
18,1.8071641623973846,-3.222624897956848,0.0,0.0,0,2021-01-05 00:53:36
19,2.007164165377617,-3.4226249009370804,0.0,0.0,0,2021-01-05 00:57:46
20,2.207164168357849,-3.222624897956848,0.0,0.0,0,2021-01-05 01:00:42
21,2.4071641713380814,-3.4226249009370804,0.0,0.0,0,2021-01-05 01:04:16
22,2.348716676235199,-3.222624897956848,0.0,0.0,0,2021-01-05 01:09:17
23,2.1487166732549667,-3.4226249009370804,0.0,0.0,0,2021-01-05 01:13:13
24,2.348716676235199,-3.222624897956848,0.0,0.0,0,2021-01-05 01:18:20
25,2.4454779624938965,-3.4226249009370804,0.0,0.0,0,2021-01-05 01:23:20
26,2.6454779654741287,-3.6226249039173126,0.0,0.0,0,2021-01-05 01:30:12
27,2.4454779624938965,-3.431728944182396,0.0,0.0,0,2021-01-05 01:34:27
28,2.2454779595136642,-3.5080352276563644,0.0,0.0,0,2021-01-05 01:38:33
29,2.4454779624938965,-3.308035224676132,0.0,0.0,0,2021-01-05 01:45:01
30,2.6454779654741287,-3.289449965581298,0.0,0.0,0,2021-01-05 01:50:31
31,2.845477968454361,-3.48944996856153,0.0,0.0,0,2021-01-05 01:57:15
32,3.045477971434593,-3.289449965581298,0.0,0.0,0,2021-01-05 02:01:23
33,2.845477968454361,-3.0894499626010656,0.0,0.0,0,2021-01-05 02:08:04
34,3.045477971434593,-3.2138831671327353,0.0,0.0,0,2021-01-05 02:15:27
35,2.880435988306999,-3.4138831701129675,0.0,0.0,0,2021-01-05 02:21:51
36,2.680435985326767,-3.2138831671327353,0.0,0.0,0,2021-01-05 02:27:48
37,2.880435988306999,-3.243923170492053,0.0,0.0,0,2021-01-05 02:34:05
38,2.680435985326767,-3.043923167511821,0.0,0.0,0,2021-01-05 02:40:01
39,2.880435988306999,-2.8439231645315886,0.0,0.0,0,2021-01-05 02:46:43
40,2.680435985326767,-2.958496129140258,0.0,0.0,0,2021-01-05 02:53:14
41,2.4804359823465347,-2.7584961261600256,0.0,0.0,0,2021-01-05 03:01:14
42,2.2804359793663025,-2.958496129140258,0.0,0.0,0,2021-01-05 03:10:39
43,2.0804359763860703,-2.7584961261600256,0.0,0.0,0,2021-01-05 03:20:30
44,1.880435973405838,-2.5584961231797934,0.0,0.0,0,2021-01-05 03:24:20
45,1.9172631204128265,-2.372228553518653,0.0,0.0,0,2021-01-05 03:26:19
46,2.1172631233930588,-2.1722285505384207,0.0,0.0,0,2021-01-05 03:28:03
47,2.317263126373291,-1.9722285475581884,0.0,0.0,0,2021-01-05 03:29:47
48,2.1445202380418777,-1.7722285445779562,0.0,0.0,0,2021-01-05 03:32:19
49,1.9445202350616455,-1.572228541597724,0.0,0.0,0,2021-01-05 03:36:12
50,1.7445202320814133,-1.7722285445779562,0.0,0.0,0,2021-01-05 03:40:55
51,1.9445202350616455,-1.572228541597724,-0.02,-0.02,1,2021-01-05 03:42:48
52,1.7445202320814133,-1.7722285445779562,-0.02,-0.02,1,2021-01-05 03:44:33
53,1.9445202350616455,-1.572228541597724,-0.00343663523164253,-0.0011455450772141767,3,2021-01-05 03:46:07
54,1.7445202320814133,-1.3722285386174917,0.5817067601470604,0.19390225338235345,3,2021-01-05 03:48:10
55,1.544520229101181,-1.1722285356372595,-0.7444029020775585,-0.14888058041551172,5,2021-01-05 03:49:16
56,1.7445202320814133,-1.3722285386174917,-0.02,-0.02,1,2021-01-05 03:50:28
57,1.8862591534852982,-1.1722285356372595,-0.008675401099028587,-0.0028918003663428622,3,2021-01-05 03:51:22
58,1.686259150505066,-1.2154797818511724,-0.10199347737831709,-0.016998912896386182,6,2021-01-05 03:52:59
59,1.8862591534852982,-1.4154797848314047,-0.02,-0.02,1,2021-01-05 03:54:47
60,1.686259150505066,-1.574202200397849,0.1826434074478273,0.03652868148956546,5,2021-01-05 03:58:06
61,1.4862591475248337,-1.5264161359518766,0.5027533940330382,0.07182191343329117,7,2021-01-05 03:59:15
62,1.686259150505066,-1.3264161329716444,-0.02,-0.02,1,2021-01-05 04:00:15
63,1.4862591475248337,-1.253094820305705,-0.02,-0.02,1,2021-01-05 04:02:27
64,1.686259150505066,-1.4530948232859373,-0.02,-0.02,1,2021-01-05 04:06:08
65,1.8862591534852982,-1.592308996245265,-0.02,-0.02,1,2021-01-05 04:09:14
66,1.686259150505066,-1.7923089992254972,-0.02,-0.02,1,2021-01-05 04:10:19
67,1.7875040918588638,-1.7130299713462591,-0.02,-0.02,1,2021-01-05 04:11:14
68,1.5875040888786316,-1.9130299743264914,-0.02,-0.02,1,2021-01-05 04:12:14
69,1.5176828727126122,-1.7130299713462591,0.0,0.0,0,2021-01-05 04:13:19
70,1.7176828756928444,-1.9130299743264914,-0.07721725470811379,-0.00857969496756819,9,2021-01-05 04:14:29
71,1.5176828727126122,-1.7130299713462591,-0.23623802544926847,-0.033748289349895495,7,2021-01-05 04:15:12
72,1.7176828756928444,-1.9130299743264914,-0.02,-0.02,1,2021-01-05 04:15:42
73,1.9176828786730766,-2.1130299773067236,0.0,0.0,0,2021-01-05 04:16:29
74,2.117682881653309,-1.9130299743264914,0.0,0.0,0,2021-01-05 04:17:16
75,1.9176828786730766,-1.9492735918611288,-0.02,-0.02,1,2021-01-05 04:20:09
76,2.117682881653309,-2.1200657542794943,-0.02,-0.02,1,2021-01-05 04:23:39
77,1.9176828786730766,-2.3200657572597265,-0.02,-0.02,1,2021-01-05 04:24:51
78,2.117682881653309,-2.1200657542794943,0.0,0.0,0,2021-01-05 04:26:37
79,1.9176828786730766,-1.920065751299262,0.0,0.0,0,2021-01-05 04:28:28
80,2.117682881653309,-1.7200657483190298,0.0,0.0,0,2021-01-05 04:30:40
81,2.317682884633541,-1.6446741875261068,-0.02,-0.02,1,2021-01-05 04:33:39
82,2.117682881653309,-1.844674190506339,0.0,0.0,0,2021-01-05 04:36:50
83,2.317682884633541,-1.8102658111602068,0.0,0.0,0,2021-01-05 04:40:05
84,2.5176828876137733,-2.010265814140439,0.0,0.0,0,2021-01-05 04:43:45
85,2.317682884633541,-2.2102658171206713,0.0,0.0,0,2021-01-05 04:48:12
86,2.117682881653309,-2.4102658201009035,-0.02,-0.02,1,2021-01-05 04:53:47
87,1.9176828786730766,-2.6102658230811357,0.0,0.0,0,2021-01-05 04:56:28
88,2.117682881653309,-2.4102658201009035,0.0,0.0,0,2021-01-05 04:58:09
89,2.317682884633541,-2.2102658171206713,0.0,0.0,0,2021-01-05 05:00:14
90,2.117682881653309,-2.1716409865766764,0.0,0.0,0,2021-01-05 05:02:37
91,2.317682884633541,-2.3716409895569086,0.0,0.0,0,2021-01-05 05:04:17
92,2.117682881653309,-2.189162904396653,0.0,0.0,0,2021-01-05 05:05:53
93,2.317682884633541,-1.989162901416421,0.0,0.0,0,2021-01-05 05:08:45
94,2.5176828876137733,-2.189162904396653,0.0,0.0,0,2021-01-05 05:12:38
95,2.4288357868790627,-2.3891629073768854,0.0,0.0,0,2021-01-05 05:16:28
96,2.628835789859295,-2.189162904396653,0.0,0.0,0,2021-01-05 05:19:38
97,2.4288357868790627,-1.989162901416421,-0.02,-0.02,1,2021-01-05 05:23:17
98,2.2288357838988304,-1.7891628984361887,-0.02,-0.02,1,2021-01-05 05:24:46
99,2.028835780918598,-1.989162901416421,0.0,0.0,0,2021-01-05 05:27:14
100,1.828835777938366,-2.189162904396653,0.0,0.0,0,2021-01-05 05:30:55
101,1.6288357749581337,-2.3891629073768854,-0.02,-0.02,1,2021-01-05 05:34:09
102,1.4288357719779015,-2.4055455457419157,0.0,0.0,0,2021-01-05 05:37:30
103,1.2288357689976692,-2.2055455427616835,-0.02,-0.02,1,2021-01-05 05:41:51
104,1.4288357719779015,-2.0055455397814512,0.6669533845514998,0.3334766922757499,2,2021-01-05 05:45:27
105,1.390380259603262,-1.805545536801219,-0.548214952138552,-0.060912772459839115,9,2021-01-05 05:46:49
106,1.4165355749428272,-2.0055455397814512,-0.02,-0.02,1,2021-01-05 05:47:48
107,1.216535571962595,-2.2055455427616835,-0.02,-0.02,1,2021-01-05 05:48:36
108,1.0165355689823627,-2.0055455397814512,-0.02,-0.02,1,2021-01-05 05:50:17
109,0.8165355660021305,-1.805545536801219,-0.02,-0.02,1,2021-01-05 05:51:21
110,1.0165355689823627,-2.0055455397814512,-0.2136955579960759,-0.04273911159921518,5,2021-01-05 05:52:46
111,1.216535571962595,-1.805545536801219,0.08215729878070156,0.02738576626023385,3,2021-01-05 05:53:28
112,1.4165355749428272,-2.0055455397814512,-1.2401814114455325,-0.17716877306364753,7,2021-01-05 05:54:55
113,1.216535571962595,-1.805545536801219,-0.31055378966212094,-0.05175896494368683,6,2021-01-05 05:55:44
114,1.0165355689823627,-2.0055455397814512,-0.02,-0.02,1,2021-01-05 05:56:41
115,0.9322499595582485,-2.2055455427616835,-0.02,-0.02,1,2021-01-05 05:57:41
116,1.1322499625384808,-2.0055455397814512,0.033965043765078425,0.006793008753015685,5,2021-01-05 05:58:51
117,1.332249965518713,-1.805545536801219,0.025863263520404873,0.002873695946711652,9,2021-01-05 06:00:18
118,1.1322499625384808,-2.0055455397814512,-0.02,-0.02,1,2021-01-05 06:02:00
119,0.9322499595582485,-2.1820343118160963,-0.02,-0.02,1,2021-01-05 06:03:19
120,0.7322499565780163,-2.3820343147963285,-0.02,-0.02,1,2021-01-05 06:04:49
121,0.9322499595582485,-2.582034317776561,-0.02,-0.02,1,2021-01-05 06:06:47
122,1.1322499625384808,-2.782034320756793,-0.02,-0.02,1,2021-01-05 06:09:45
123,0.9322499595582485,-2.9820343237370253,-0.02,-0.02,1,2021-01-05 06:11:27
124,0.7322499565780163,-2.782034320756793,-0.02,-0.02,1,2021-01-05 06:13:11
125,0.5492132566869259,-2.9820343237370253,-0.02,-0.02,1,2021-01-05 06:13:54
126,0.7492132596671581,-3.0689925085753202,-0.02,-0.02,1,2021-01-05 06:14:40
127,0.5492132566869259,-2.868992505595088,-0.02,-0.02,1,2021-01-05 06:15:51
128,0.5096631348133087,-2.6689925026148558,-0.02,-0.02,1,2021-01-05 06:17:41
129,0.709663137793541,-2.8626474421471357,-0.02,-0.02,1,2021-01-05 06:20:21
130,0.9096631407737732,-2.6626474391669035,-0.02,-0.02,1,2021-01-05 06:23:29
131,1.1096631437540054,-2.8626474421471357,-0.02,-0.02,1,2021-01-05 06:27:00
132,1.0159032344818115,-3.062647445127368,-0.02,-0.02,1,2021-01-05 06:30:14
133,1.2159032374620438,-2.8626474421471357,0.32850058374157326,0.06570011674831465,5,2021-01-05 06:31:11
134,1.0524001568555832,-2.6626474391669035,-0.02,-0.02,1,2021-01-05 06:32:05
135,0.852400153875351,-2.8626474421471357,-0.02,-0.02,1,2021-01-05 06:33:57
136,0.6524001508951187,-2.7929220478981733,-0.02,-0.02,1,2021-01-05 06:36:00
137,0.6016058549284935,-2.9929220508784056,-0.02,-0.02,1,2021-01-05 06:38:18
138,0.8016058579087257,-2.7929220478981733,-0.02,-0.02,1,2021-01-05 06:42:44
139,0.906200036406517,-2.9929220508784056,-0.02,-0.02,1,2021-01-05 06:46:27
140,0.7732305377721786,-2.7929220478981733,-0.02,-0.02,1,2021-01-05 06:48:24
141,0.5732305347919464,-2.592922044917941,-0.02,-0.02,1,2021-01-05 06:54:07
142,0.7732305377721786,-2.392922041937709,-0.02,-0.02,1,2021-01-05 07:00:28
143,0.5732305347919464,-2.1929220389574766,-0.02,-0.02,1,2021-01-05 07:04:17
144,0.7732305377721786,-2.392922041937709,-0.02,-0.02,1,2021-01-05 07:09:07
145,0.8615400493144989,-2.1929220389574766,-0.02,-0.02,1,2021-01-05 07:15:52
146,0.6615400463342667,-1.9929220359772444,-0.02,-0.02,1,2021-01-05 07:22:15
147,0.8615400493144989,-1.7929220329970121,-0.02,-0.02,1,2021-01-05 07:28:04
148,0.6615400463342667,-1.9929220359772444,-0.02,-0.02,1,2021-01-05 07:34:41
149,0.8468866646289825,-1.7929220329970121,-0.02,-0.02,1,2021-01-05 07:41:28
150,1.0468866676092148,-1.9929220359772444,-0.02,-0.02,1,2021-01-05 07:47:48
151,0.8802186697721481,-1.7929220329970121,-0.02,-0.02,1,2021-01-05 07:53:38
152,0.6802186667919159,-1.9929220359772444,-0.02,-0.02,1,2021-01-05 07:59:17
153,0.48021866381168365,-1.7929220329970121,-0.02,-0.02,1,2021-01-05 08:02:18
154,0.6802186667919159,-1.6835529040545225,0.28056081909660663,0.056112163819321326,5,2021-01-05 08:07:27
155,0.733067236840725,-1.7665126752108335,0.2904683903377518,0.05809367806755035,5,2021-01-05 08:08:53
156,0.5330672338604927,-1.8093914147466421,-0.02,-0.02,1,2021-01-05 08:11:02
157,0.733067236840725,-2.0093914177268744,-0.02,-0.02,1,2021-01-05 08:13:49
158,0.5330672338604927,-2.2093914207071066,-0.02,-0.02,1,2021-01-05 08:17:50
159,0.3848634585738182,-2.409391423687339,-0.02,-0.02,1,2021-01-05 08:21:01
160,0.5848634615540504,-2.609391426667571,-0.02,-0.02,1,2021-01-05 08:24:47
161,0.5477312356233597,-2.409391423687339,-0.02,-0.02,1,2021-01-05 08:30:40
162,0.34773123264312744,-2.609391426667571,-0.02,-0.02,1,2021-01-05 08:39:55
163,0.1477312296628952,-2.409391423687339,-0.02,-0.02,1,2021-01-05 08:43:35
164,0.0,-2.609391426667571,-0.02,-0.02,1,2021-01-05 08:48:08
165,0.20000000298023224,-2.8093914296478033,-0.02,-0.02,1,2021-01-05 08:54:24
166,0.17392774857580662,-2.609391426667571,-0.02,-0.02,1,2021-01-05 09:00:32
167,0.37392775155603886,-2.8093914296478033,-0.02,-0.02,1,2021-01-05 09:05:28
168,0.17392774857580662,-2.9772491361945868,-0.02,-0.02,1,2021-01-05 09:13:04
169,0.37392775155603886,-3.177249139174819,-0.02,-0.02,1,2021-01-05 09:18:16
170,0.17392774857580662,-2.9772491361945868,-0.02,-0.02,1,2021-01-05 09:27:00
171,0.37392775155603886,-2.7772491332143545,-0.02,-0.02,1,2021-01-05 09:30:37
172,0.17392774857580662,-2.8959650304168463,-0.02,-0.02,1,2021-01-05 09:32:38
173,0.37392775155603886,-2.695965027436614,-0.02,-0.02,1,2021-01-05 09:36:25
174,0.42006741650402546,-2.495965024456382,-0.02,-0.02,1,2021-01-05 09:41:39
175,0.22006741352379322,-2.3835591580718756,-0.02,-0.02,1,2021-01-05 09:45:00
176,0.42006741650402546,-2.4162678476423025,-0.02,-0.02,1,2021-01-05 09:49:04
177,0.22006741352379322,-2.2162678446620703,-0.02,-0.02,1,2021-01-05 09:54:26
178,0.020067410543560982,-2.016267841681838,-0.02,-0.02,1,2021-01-05 10:00:08
179,0.0,-2.2162678446620703,-0.02,-0.02,1,2021-01-05 10:04:02
180,0.20000000298023224,-2.016267841681838,-0.02,-0.02,1,2021-01-05 10:10:01
181,0.4000000059604645,-2.2162678446620703,-0.02,-0.02,1,2021-01-05 10:18:02
182,0.43504786118865013,-2.016267841681838,-0.882450874372628,-0.17649017487452562,5,2021-01-05 10:27:15
183,0.6350478641688824,-2.202469101175666,-0.02,-0.02,1,2021-01-05 10:33:32
184,0.8350478671491146,-2.019961243495345,-0.02,-0.02,1,2021-01-05 10:35:26
185,0.6350478641688824,-1.8199612405151129,-0.02,-0.02,1,2021-01-05 10:37:59
186,0.43504786118865013,-1.8961407896131277,-0.02,-0.02,1,2021-01-05 10:41:38
187,0.6350478641688824,-1.6961407866328955,-0.02,-0.02,1,2021-01-05 10:47:15
188,0.8350478671491146,-1.4961407836526632,-0.02,-0.02,1,2021-01-05 10:51:50
189,1.0350478701293468,-1.6961407866328955,-0.02,-0.02,1,2021-01-05 10:58:05
190,0.8350478671491146,-1.7984837796539068,-0.02,-0.02,1,2021-01-05 11:05:06
191,0.675840687006712,-1.5984837766736746,-0.5091381287719645,-0.16971270959065488,3,2021-01-05 11:11:24
192,0.8758406899869442,-1.7984837796539068,-0.02,-0.02,1,2021-01-05 11:17:17
193,1.0758406929671764,-1.998483782634139,-0.02,-0.02,1,2021-01-05 11:27:00
194,0.8758406899869442,-1.7984837796539068,-0.02,-0.02,1,2021-01-05 11:34:42
195,1.0758406929671764,-1.998483782634139,-0.02,-0.02,1,2021-01-05 11:38:33
196,0.8758406899869442,-1.7984837796539068,-0.02,-0.02,1,2021-01-05 11:44:28
197,0.675840687006712,-1.5984837766736746,-0.02,-0.02,1,2021-01-05 11:49:32
198,0.8758406899869442,-1.3984837736934423,-0.02,-0.02,1,2021-01-05 11:57:13
199,1.0758406929671764,-1.5984837766736746,-0.02,-0.02,1,2021-01-05 12:00:22
200,1.2758406959474087,-1.7984837796539068,-0.02,-0.02,1,2021-01-05 12:01:52
201,1.475840698927641,-1.5984837766736746,0.0,0.0,0,2021-01-05 12:04:11
202,1.2758406959474087,-1.5833137594163418,0.06989145009736887,0.02329715003245629,3,2021-01-05 12:07:31
203,1.0758406929671764,-1.6147914566099644,-0.02,-0.02,1,2021-01-05 12:10:17
204,1.2758406959474087,-1.8147914595901966,-0.02,-0.02,1,2021-01-05 12:15:02
205,1.0758406929671764,-1.6147914566099644,-0.02,-0.02,1,2021-01-05 12:18:52
206,1.2758406959474087,-1.8147914595901966,-0.11993528009382454,-0.023987056018764906,5,2021-01-05 12:21:40
207,1.475840698927641,-2.014791462570429,-0.02,-0.02,1,2021-01-05 12:24:47
208,1.2758406959474087,-2.018811935558915,-0.02,-0.02,1,2021-01-05 12:28:42
209,1.326901365071535,-1.818811932578683,-0.02,-0.02,1,2021-01-05 12:34:07
210,1.5269013680517673,-2.018811935558915,0.0,0.0,0,2021-01-05 12:42:05
211,1.326901365071535,-1.818811932578683,-0.02,-0.02,1,2021-01-05 12:48:13
212,1.5269013680517673,-2.018811935558915,-0.02,-0.02,1,2021-01-05 12:55:22
213,1.7269013710319996,-2.2188119385391474,0.0,0.0,0,2021-01-05 12:59:08
214,1.5269013680517673,-2.4188119415193796,0.0,0.0,0,2021-01-05 13:06:11
215,1.326901365071535,-2.2188119385391474,-0.02,-0.02,1,2021-01-05 13:14:32
216,1.5269013680517673,-2.018811935558915,-0.02,-0.02,1,2021-01-05 13:22:15
217,1.7269013710319996,-2.0564449969679117,0.0,0.0,0,2021-01-05 13:31:21
218,1.5269013680517673,-1.8564449939876795,0.0,0.0,0,2021-01-05 13:37:24
219,1.6397766210138798,-2.0564449969679117,0.0,0.0,0,2021-01-05 13:46:50
220,1.4397766180336475,-2.256444999948144,0.0,0.0,0,2021-01-05 13:54:56
221,1.3355714343488216,-2.456445002928376,-0.02,-0.02,1,2021-01-05 13:59:25
222,1.1355714313685894,-2.550964342430234,-0.02,-0.02,1,2021-01-05 14:01:15
223,1.3355714343488216,-2.3509643394500017,-0.02,-0.02,1,2021-01-05 14:02:55
224,1.1355714313685894,-2.550964342430234,-0.02,-0.02,1,2021-01-05 14:04:30
225,1.3355714343488216,-2.443979674950242,-0.02,-0.02,1,2021-01-05 14:07:54
226,1.1355714313685894,-2.624608928337693,-0.02,-0.02,1,2021-01-05 14:11:42
227,1.324247669428587,-2.424608925357461,0.0,0.0,0,2021-01-05 14:13:59
228,1.1242476664483547,-2.624608928337693,-0.02,-0.02,1,2021-01-05 14:17:29
229,0.9242476634681225,-2.8246089313179255,-0.02,-0.02,1,2021-01-05 14:23:20
230,1.1242476664483547,-2.624608928337693,0.0,0.0,0,2021-01-05 14:29:09
231,1.324247669428587,-2.8246089313179255,-0.02,-0.02,1,2021-01-05 14:34:19
232,1.1242476664483547,-2.624608928337693,-0.02,-0.02,1,2021-01-05 14:39:18
233,1.3048034869134426,-2.652590511366725,-0.02,-0.02,1,2021-01-05 14:42:35
234,1.1048034839332104,-2.4525905083864927,-0.02,-0.02,1,2021-01-05 14:44:08
235,1.2672115676105022,-2.652590511366725,-0.02,-0.02,1,2021-01-05 14:45:13
236,1.06721156463027,-2.717133415862918,-0.02,-0.02,1,2021-01-05 14:46:41
237,0.8672115616500378,-2.91713341884315,-0.02,-0.02,1,2021-01-05 14:48:55
238,0.6672115586698055,-2.717133415862918,-0.02,-0.02,1,2021-01-05 14:51:12
239,0.4672115556895733,-2.5171334128826857,-0.02,-0.02,1,2021-01-05 14:52:09
240,0.6672115586698055,-2.717133415862918,-0.02,-0.02,1,2021-01-05 14:53:22
241,0.4672115556895733,-2.903523800894618,-0.02,-0.02,1,2021-01-05 14:57:01
242,0.26721155270934105,-3.1035238038748503,-0.02,-0.02,1,2021-01-05 14:59:20
243,0.4672115556895733,-2.903523800894618,-0.02,-0.02,1,2021-01-05 15:00:26
244,0.6672115586698055,-3.1035238038748503,-0.02,-0.02,1,2021-01-05 15:02:23
245,0.4672115556895733,-3.3035238068550825,-0.02,-0.02,1,2021-01-05 15:05:51
246,0.6672115586698055,-3.5035238098353148,-0.02,-0.02,1,2021-01-05 15:09:19
247,0.4672115556895733,-3.3035238068550825,-0.02,-0.02,1,2021-01-05 15:13:47
248,0.26721155270934105,-3.1035238038748503,-0.02,-0.02,1,2021-01-05 15:19:26
249,0.06721154972910881,-3.049527058377862,-0.02,-0.02,1,2021-01-05 15:23:08
250,0.26721155270934105,-3.249527061358094,-0.02,-0.02,1,2021-01-05 15:28:12
251,0.4672115556895733,-3.4495270643383265,-0.02,-0.02,1,2021-01-05 15:33:18
252,0.26721155270934105,-3.6495270673185587,-0.02,-0.02,1,2021-01-05 15:38:11
253,0.4672115556895733,-3.849527070298791,-0.02,-0.02,1,2021-01-05 15:43:33
254,0.26721155270934105,-3.6495270673185587,-0.02,-0.02,1,2021-01-05 15:51:29
255,0.4672115556895733,-3.6763688754290342,-0.02,-0.02,1,2021-01-05 15:58:37
256,0.26721155270934105,-3.8763688784092665,-0.02,-0.02,1,2021-01-05 16:01:40
257,0.23390180245041847,-3.6763688754290342,-0.02,-0.02,1,2021-01-05 16:03:47
258,0.4339018054306507,-3.8763688784092665,-0.02,-0.02,1,2021-01-05 16:06:46
259,0.5887412019073963,-4.0,-0.02,-0.02,1,2021-01-05 16:10:20
260,0.3887411989271641,-3.7999999970197678,-0.02,-0.02,1,2021-01-05 16:12:49
261,0.18874119594693184,-4.0,-0.02,-0.02,1,2021-01-05 16:15:38
262,0.0795070193707943,-3.7999999970197678,-0.02,-0.02,1,2021-01-05 16:16:53
263,0.003817494958639145,-3.8811643570661545,-0.02,-0.02,1,2021-01-05 16:18:17
264,0.20381749793887138,-3.6811643540859222,-0.02,-0.02,1,2021-01-05 16:19:32
265,0.32561083510518074,-3.48116435110569,-0.02,-0.02,1,2021-01-05 16:21:52
266,0.1256108321249485,-3.2811643481254578,-0.02,-0.02,1,2021-01-05 16:24:16
267,0.32561083510518074,-3.48116435110569,-0.02,-0.02,1,2021-01-05 16:26:13
268,0.1256108321249485,-3.2811643481254578,-0.02,-0.02,1,2021-01-05 16:29:41
269,0.0,-3.3475897014141083,-0.02,-0.02,1,2021-01-05 16:33:30
270,0.20000000298023224,-3.147589698433876,-0.02,-0.02,1,2021-01-05 16:37:23
271,0.0,-2.947589695453644,-0.02,-0.02,1,2021-01-05 16:39:03
272,0.0,-2.916825771331787,-0.02,-0.02,1,2021-01-05 16:44:35
273,0.0,-3.1168257743120193,-0.02,-0.02,1,2021-01-05 16:49:53
274,0.0,-2.916825771331787,-0.02,-0.02,1,2021-01-05 16:56:54
275,0.0,-2.716825768351555,-0.02,-0.02,1,2021-01-05 17:00:38
276,0.18648801743984222,-2.653547912836075,-0.02,-0.02,1,2021-01-05 17:04:53
277,0.0,-2.6095750480890274,-0.02,-0.02,1,2021-01-05 17:09:39
278,0.0,-2.8095750510692596,-0.02,-0.02,1,2021-01-05 17:15:25
279,0.20000000298023224,-3.009575054049492,-0.02,-0.02,1,2021-01-05 17:22:28
280,0.0,-2.8095750510692596,-0.02,-0.02,1,2021-01-05 17:28:27
281,0.16048015654087067,-2.6095750480890274,-0.02,-0.02,1,2021-01-05 17:33:10
282,0.0,-2.8095750510692596,-0.02,-0.02,1,2021-01-05 17:39:08
283,0.0,-3.009575054049492,-0.02,-0.02,1,2021-01-05 17:46:11
284,0.20000000298023224,-2.8095750510692596,-0.02,-0.02,1,2021-01-05 17:51:27
285,0.32090388238430023,-2.8423878476023674,-0.02,-0.02,1,2021-01-05 17:56:14
286,0.120903879404068,-2.8713449761271477,-0.02,-0.02,1,2021-01-05 17:58:05
287,0.32090388238430023,-2.6713449731469154,-0.02,-0.02,1,2021-01-05 18:00:00
288,0.12667424976825714,-2.471344970166683,-0.02,-0.02,1,2021-01-05 18:02:03
289,0.3266742527484894,-2.271344967186451,-0.02,-0.02,1,2021-01-05 18:05:29
290,0.12667424976825714,-2.471344970166683,-0.02,-0.02,1,2021-01-05 18:07:10
291,0.3266742527484894,-2.6713449731469154,-0.02,-0.02,1,2021-01-05 18:09:47
292,0.5266742557287216,-2.471344970166683,-0.02,-0.02,1,2021-01-05 18:10:15
293,0.7266742587089539,-2.271344967186451,-0.02,-0.02,1,2021-01-05 18:11:30
294,0.5266742557287216,-2.0713449642062187,-0.02,-0.02,1,2021-01-05 18:12:44
295,0.42936553806066513,-2.271344967186451,-0.02,-0.02,1,2021-01-05 18:14:15
296,0.2293655350804329,-2.1217086985707283,-0.02,-0.02,1,2021-01-05 18:15:31
297,0.029365532100200653,-2.3217087015509605,-0.02,-0.02,1,2021-01-05 18:17:06
298,0.2293655350804329,-2.1217086985707283,-0.02,-0.02,1,2021-01-05 18:19:44
299,0.029365532100200653,-1.921708695590496,-0.02,-0.02,1,2021-01-05 18:21:56
300,0.2293655350804329,-2.1217086985707283,-0.02,-0.02,1,2021-01-05 18:25:38
301,0.029365532100200653,-2.3217087015509605,-0.02,-0.02,1,2021-01-05 18:29:07
302,0.0,-2.521708704531193,-0.02,-0.02,1,2021-01-05 18:33:52
303,0.0,-2.721708707511425,-0.02,-0.02,1,2021-01-05 18:39:43
304,0.0,-2.9217087104916573,-0.02,-0.02,1,2021-01-05 18:40:59
305,0.20000000298023224,-2.721708707511425,-0.02,-0.02,1,2021-01-05 18:42:57
306,0.4000000059604645,-2.521708704531193,-0.02,-0.02,1,2021-01-05 18:45:17
307,0.6000000089406967,-2.3217087015509605,-0.02,-0.02,1,2021-01-05 18:47:35
308,0.4000000059604645,-2.1217086985707283,-0.02,-0.02,1,2021-01-05 18:49:51
309,0.21488788723945618,-2.3217087015509605,-0.02,-0.02,1,2021-01-05 18:52:30
310,0.014887884259223938,-2.1217086985707283,-0.02,-0.02,1,2021-01-05 18:56:56
311,0.0,-2.3217087015509605,0.34540380331071857,0.06908076066214372,5,2021-01-05 19:00:05
312,0.20000000298023224,-2.521708704531193,-0.02,-0.02,1,2021-01-05 19:02:04
313,0.0,-2.721708707511425,-0.12325134179392594,-0.024650268358785185,5,2021-01-05 19:05:21
314,0.20000000298023224,-2.521708704531193,-0.02,-0.02,1,2021-01-05 19:06:57
315,0.0,-2.3217087015509605,-0.02,-0.02,1,2021-01-05 19:08:05
316,0.0,-2.521708704531193,-0.02,-0.02,1,2021-01-05 19:11:20
317,0.0,-2.3217087015509605,-0.02,-0.02,1,2021-01-05 19:13:20
318,0.0,-2.521708704531193,-0.02,-0.02,1,2021-01-05 19:15:14
319,0.0,-2.721708707511425,-0.02,-0.02,1,2021-01-05 19:17:53
320,0.0,-2.9217087104916573,-0.02,-0.02,1,2021-01-05 19:20:26
321,0.20000000298023224,-2.721708707511425,-0.02,-0.02,1,2021-01-05 19:21:58
322,0.2563539743423462,-2.521708704531193,-0.02,-0.02,1,2021-01-05 19:24:04
323,0.45635397732257843,-2.3217087015509605,-0.02,-0.02,1,2021-01-05 19:26:37
324,0.2563539743423462,-2.1217086985707283,-0.02,-0.02,1,2021-01-05 19:27:41
325,0.05635397136211395,-1.9323392435908318,-0.02,-0.02,1,2021-01-05 19:29:01
326,0.2563539743423462,-1.7323392406105995,0.6419537156399723,0.049381055049228635,13,2021-01-05 19:29:51
327,0.45635397732257843,-1.5323392376303673,0.16935389558383826,0.05645129852794609,3,2021-01-05 19:30:44
328,0.6563539803028107,-1.332339234650135,-0.05316758439417663,-0.005907509377130737,9,2021-01-05 19:31:22
329,0.8563539832830429,-1.1323392316699028,-0.47574331775769907,-0.020684492076421698,23,2021-01-05 19:32:08
330,0.7991116791963577,-0.9323392286896706,-0.196207243290932,-0.005605921236883769,35,2021-01-05 19:33:09
331,0.99911168217659,-0.7323392257094383,0.2509063001539497,0.007603221216786352,33,2021-01-05 19:34:35
332,0.7991116791963577,-0.5323392227292061,-0.28263031026519,-0.005767965515616119,49,2021-01-05 19:35:11
333,0.99911168217659,-0.7323392257094383,0.09632361598016077,0.004187983303485251,23,2021-01-05 19:36:08
334,0.7991116791963577,-0.5323392227292061,-0.3650710400800464,-0.005794778413968992,63,2021-01-05 19:36:57
335,0.5991116762161255,-0.33233921974897385,-0.4785261010022547,-0.006739804239468374,71,2021-01-05 19:38:03
336,0.4202781766653061,-0.5323392227292061,-0.356627933996976,-0.0056607608570948586,63,2021-01-05 19:39:52
337,0.22027817368507385,-0.33233921974897385,-1.2431975493309666,-0.016145422718583977,77,2021-01-05 19:41:04
338,0.4202781766653061,-0.5323392227292061,-0.4775304058589888,-0.009010007657716774,53,2021-01-05 19:44:04
339,0.6202781796455383,-0.7323392257094383,-0.4376023427907804,-0.011220572892071293,39,2021-01-05 19:47:36
340,0.4202781766653061,-0.9323392286896706,-0.08622364476460431,-0.004105887845933537,21,2021-01-05 19:49:31
341,0.22027817368507385,-0.7943716570734978,-0.9487862561220516,-0.01555387305118117,61,2021-01-05 19:51:47
342,0.020278170704841614,-0.5943716540932655,-1.0990709522563298,-0.013241818701883486,83,2021-01-05 19:53:26
343,0.0,-0.7943716570734978,-0.24484840753713444,-0.004149973009103973,59,2021-01-05 19:56:22
344,0.0,-0.8206806927919388,-0.6620206495368499,-0.01351062550075204,49,2021-01-05 19:59:34
345,0.20000000298023224,-1.020680695772171,-0.2421749294164664,-0.005766069748011105,42,2021-01-05 20:01:11
346,0.4000000059604645,-1.2206806987524033,0.5166934961569382,0.04697213601426711,11,2021-01-05 20:02:00
347,0.20000000298023224,-1.020680695772171,-0.4199583683360972,-0.0135470441398741,31,2021-01-05 20:02:49
348,0.0,-1.1015667021274567,-0.4916065283537492,-0.018207649198287008,27,2021-01-05 20:05:14
349,0.0,-1.1398162581026554,0.0027761871467083103,0.00030846523852314433,9,2021-01-05 20:07:36
350,0.20000000298023224,-0.9398162551224232,-0.4108691380732955,-0.015217375484196126,27,2021-01-05 20:10:05
351,0.0,-0.9030284620821476,-0.9293533697398515,-0.03717413478959405,25,2021-01-05 20:13:27
352,0.20000000298023224,-1.1030284650623798,-0.3579429476441116,-0.02753407289570089,13,2021-01-05 20:17:00
353,0.0,-1.303028468042612,0.07388611874297625,0.006716919885725112,11,2021-01-05 20:21:06
354,0.0,-1.5030284710228443,0.0571401146854881,0.01142802293709762,5,2021-01-05 20:25:36
355,0.20000000298023224,-1.7030284740030766,-0.02,-0.02,1,2021-01-05 20:30:58
356,0.0,-1.9030284769833088,-0.02,-0.02,1,2021-01-05 20:32:38
357,0.20000000298023224,-2.103028479963541,-0.02,-0.02,1,2021-01-05 20:35:19
358,0.22906073555350304,-2.3030284829437733,-0.02,-0.02,1,2021-01-05 20:37:32
359,0.4290607385337353,-2.103028479963541,-0.02,-0.02,1,2021-01-05 20:43:06
360,0.27236346527934074,-1.9030284769833088,-0.02,-0.02,1,2021-01-05 20:46:25
361,0.472363468259573,-1.7030284740030766,-0.1306778084543642,-0.01451975649492935,9,2021-01-05 20:48:45
362,0.6723634712398052,-1.8564004935324192,-0.02,-0.02,1,2021-01-05 20:51:57
363,0.8723634742200375,-1.7840149588882923,-0.02,-0.02,1,2021-01-05 20:57:12
364,1.0723634772002697,-1.58401495590806,-0.02,-0.02,1,2021-01-05 20:59:27
365,1.272363480180502,-1.7840149588882923,-0.02,-0.02,1,2021-01-05 21:02:39
366,1.4723634831607342,-1.58401495590806,0.0,0.0,0,2021-01-05 21:04:55
367,1.272363480180502,-1.3840149529278278,0.0,0.0,0,2021-01-05 21:09:21
368,1.0723634772002697,-1.1840149499475956,-0.026800460122553892,-0.008933486707517965,3,2021-01-05 21:15:08
369,1.272363480180502,-1.3840149529278278,-0.02,-0.02,1,2021-01-05 21:20:41
370,1.0723634772002697,-1.1840149499475956,0.010698858213439851,0.0035662860711466174,3,2021-01-05 21:27:24
371,1.1272639445960522,-1.0935469754040241,0.4278844334344902,0.08557688668689804,5,2021-01-05 21:32:45
372,0.9272639416158199,-0.8935469724237919,-0.45880395170502336,-0.03529261166961718,13,2021-01-05 21:39:02
373,0.7272639386355877,-1.0935469754040241,0.0837856785752944,0.0064450521980995695,13,2021-01-05 21:44:10
374,0.5272639356553555,-1.2935469783842564,-0.0339202818129076,-0.002261352120860507,15,2021-01-05 21:47:14
375,0.3272639326751232,-1.4935469813644886,-0.022748178959327986,-0.0032497398513325697,7,2021-01-05 21:49:16
376,0.12726392969489098,-1.6935469843447208,-0.02,-0.02,1,2021-01-05 21:51:02
377,0.3272639326751232,-1.4935469813644886,-0.02,-0.02,1,2021-01-05 21:56:02
378,0.5272639356553555,-1.6935469843447208,-0.02,-0.02,1,2021-01-05 22:02:31
379,0.6449532471597195,-1.893546987324953,-0.02,-0.02,1,2021-01-05 22:05:08
380,0.8449532501399517,-1.6935469843447208,-0.02,-0.02,1,2021-01-05 22:07:42
381,1.044953253120184,-1.4935469813644886,0.15638520762830393,0.022340743946900565,7,2021-01-05 22:10:28
382,1.2449532561004162,-1.6935469843447208,-0.02,-0.02,1,2021-01-05 22:13:16
383,1.044953253120184,-1.4935469813644886,0.07374994182213337,0.008194437980237041,9,2021-01-05 22:17:58
384,0.9730196557939053,-1.2935469783842564,-0.243315866330674,-0.048663173266134806,5,2021-01-05 22:19:46
385,1.1730196587741375,-1.4149446748197079,-0.02,-0.02,1,2021-01-05 22:21:45
386,1.3730196617543697,-1.61494467779994,0.0,0.0,0,2021-01-05 22:24:24
387,1.1730196587741375,-1.8149446807801723,0.0,0.0,0,2021-01-05 22:26:53
388,0.9730196557939053,-1.61494467779994,-0.02,-0.02,1,2021-01-05 22:31:04
389,0.773019652813673,-1.4149446748197079,-0.02,-0.02,1,2021-01-05 22:37:05
390,0.9730196557939053,-1.4072463205084205,-0.6210602434393594,-0.06900669371548437,9,2021-01-05 22:39:10
391,0.773019652813673,-1.2072463175281882,-0.5417649067322046,-0.1805883022440682,3,2021-01-05 22:42:07
392,0.9730196557939053,-1.007246314547956,-0.34244586026320795,-0.048920837180458275,7,2021-01-05 22:45:49
393,0.773019652813673,-1.2072463175281882,-0.02,-0.02,1,2021-01-05 22:48:46
394,0.5730196498334408,-1.4072463205084205,0.5431957299555709,0.060355081106174546,9,2021-01-05 22:54:16
395,0.773019652813673,-1.6072463234886527,-0.7780908807832663,-0.1111558401118952,7,2021-01-05 23:01:34
396,0.9730196557939053,-1.807246326468885,-0.02,-0.02,1,2021-01-05 23:05:25
397,0.9244756102561951,-1.6072463234886527,-0.06316895618917485,-0.01263379123783497,5,2021-01-05 23:09:11
398,1.1244756132364273,-1.7189277252182364,-0.4748381356238137,-0.06783401937483054,7,2021-01-05 23:15:45
399,1.0789002180099487,-1.5189277222380042,0.07620067234115181,0.02540022411371727,3,2021-01-05 23:17:50
400,1.1693883016705513,-1.7189277252182364,0.7124297314089975,0.07915885904544416,9,2021-01-05 23:20:01
401,1.07727961987257,-1.561955346725881,0.1991012488184019,0.0663670829394673,3,2021-01-05 23:23:11
402,0.8772796168923378,-1.3619553437456489,-0.02,-0.02,1,2021-01-05 23:26:59
403,0.6772796139121056,-1.561955346725881,-0.02,-0.02,1,2021-01-05 23:33:45
404,0.4772796109318733,-1.7619553497061133,-0.02,-0.02,1,2021-01-05 23:42:10
405,0.2772796079516411,-1.9619553526863456,0.5478072342196747,0.18260241140655825,3,2021-01-05 23:46:58
406,0.07727960497140884,-1.7619553497061133,-0.02,-0.02,1,2021-01-05 23:51:05
407,0.09084588009864092,-1.561955346725881,-0.02,-0.02,1,2021-01-05 23:58:30
0,0.0,-1.7619553497061133,-0.02,-0.02,1,2021-01-05 00:00:00
